제목,게시자,구독자수,조회수,게시일
목숨걸고 only 벤트만 타는 미친 광부. 짜릿해!! 우주하마 어몽어스,우주하마,105만명,67168,2020.9.27
어몽어스 처음 하는데 뭐냐 이거..,조우,15.5만명,4500,2020.9.27
좁은 방에 임포스터랑 갇히면 생기는 일...,혜안,80만명,268610,2020.9.27
미쳐버린 어몽어스 컨셉충들 ㅋㅋㅋㅋㅋㅋㅋㅋㅋㅋㅋㅋ,빅헤드,47.5만명,153335,2020.9.27
어몽어스는 모두 착한 사람만 있는 거 같습니다 - 어몽어스,루태TV,48.4만명,3590,2020.9.27
이 맵 처음 해봅니다만...? [어몽어스],JUNE,53.4만명,149363,2020.9.27
어몽어스에 진지한사람이 지는 게임ㅋㅋㅋㅋㅋ,악동 김블루,177만명,306563,2020.9.26
벤트 목격자 죽을 때까지 쫓아가기 ㅋㅋㅋㅋ [어몽어스],킴성태TV,100만명,310252,2020.9.26
개 쩌는 임포스터 공략!! 확시 보여주는 척 다 죽이기ㅋㅋㅋㅋㅋㅋ,혜안,80만명,840934,2020.9.20
할명수 ep.06｜추격전의 달인 조커 박명수 어몽어스(among us) 도전,JTBC Entertainment,593만명,75791,2020.9.25
올 때까지 기다리다가 문 닫고 암살하는 미친 임포스터 ㄷㄷ,혜안,80만명,462671,2020.9.26
"전혀 성장하지 않았어" [ 강백대전 어몽어스 2차전 ],소니쇼게임방송,18.7만명,38269,2020.9.27
투표를 마음대로 조종해서 모두를 죽이는 신종 핵쟁이 [어몽어스],주키니TV,38.7만명,660131,2020.9.22
어몽어스 투명 임포스터 하는법?! 벤트 없이 땅에 들어가는 핵버그? - 어몽 어스 모바일 애니메이션,동동 TV,33.9만명,166084,2020.9.25
커플은 어몽어스에서 서로 안 죽일까? *어몽어스 10인 풀파티*,잠뜰 TV,193만명,722356,2020.9.23
어몽어스 10명이 다 멍청하면 생기는일ㅋㅋㅋ (1편),김재원의 즐거운 세상,164만명,804416,2020.9.11
김봉준믹서기 임아니 [어몽어스],임아니[임아니TV],2.72만명,76406,2020.9.26
어몽어스로 떼부자가 된 100만 유튜버,우주하마,105만명,1301998,2020.9.16
벤트 1회당 천원 미션이요? 바로 시작합ㄴ.... [어몽어스],주키니TV,38.7만명,1004941,2020.9.15
임포 킬나기 전에 잡는 법 [어몽어스],JUNE,53.4만명,262935,2020.9.23
파랑이 남매가 임포스터가 된다면? (어몽어스) [PrettyHerb 쁘띠허브],쁘허,97.3만명,201700,2020.9.23
역대급 레전드판 나왔습니다!!! 혼자서 5명을 죽인 임포스터 ㄷㄷ,혜안,80만명,475059,2020.9.25
고인물 임포스터가 크루원 괴롭히는 방법ㅋㅋㅋㅋㅋ[어몽어스33화],쉐어TV,16.9만명,123483,2020.9.26
어몽어스 임포스터 신기록(?) 23초컷,군림보,79.5만명,932526,2020.9.14
[마인크래프트] 어몽어스로 변신해서 쪼그만 펫친구들을 잘 돌봐줬어요!!! 어몽어스 모드!,돼지저금통,71.8만명,116505,2020.9.26
어몽어스 맛있게 하는 법 ｜국밥형 임포스터,튜브김민교,29.7만명,244141,2020.9.26
죽이고 CCTV 보는 척했더니 아무도 모릅니다?! - 어몽어스,루태TV,48.4만명,125267,2020.9.25
어몽어스 개빡겜 딱 1판 해봤습니다. 숨막히는 추격전 레전드,우주하마,105만명,1906122,2020.9.1
놀라지마세요. 어몽어스 한 턴에 끝내는 방법 알려드립니다,혜안,80만명,1371736,2020.8.31
임포스터 죽여주는 미친 필살기 공개합니다!! 우주하마 어몽어스,우주하마,105만명,1220205,2020.9.12
페이커식 어몽어스 플레이... 🚨경크경크🚨 [T1 Stream Highlight],T1,64.6만명,684228,2020.9.24
살인 목격자도 내편으로 만드는 임포스터 노하우 ㅋㅋㅋ [어몽어스 29화],쉐어TV,16.9만명,327449,2020.9.21
3연속 더블킬?! 이거 가능한거였어....? 지렸다.... _ 어몽어스,자몽티비,47.5만명,83828,2020.9.26
*어몽어스* 임포스터 정치질 레전드 ㅋㅋㅋ,잠뜰 TV,193만명,808534,2020.9.16
"배신도 전략이다" 동료 버리고 하드캐리하는 임포스터 [어몽어스 32화],쉐어TV,16.9만명,223999,2020.9.24
😈들켜도 당황하지마! 이렇게 하면 살수 있어!!!,군림보,79.5만명,546010,2020.9.23
신고를 했는데 왜 저만 회의에 참석을 못하죠? [어몽어스],주키니TV,38.7만명,482551,2020.9.26
시체를 몸으로 숨겼더니 아무도 모릅니다!? - 어몽어스,루태TV,48.4만명,290251,2020.9.11
벤트 없이 땅에 들어가는 역대급 끝판왕 핵유저 [어몽어스],주키니TV,38.7만명,693653,2020.9.24
다가오는 사람은 다 죽여버리는 눈사람 임포스터 [김계정 어몽어스],김계정,42만명,862951,2020.9.8
내가 움직일 수 없는 이유 (※따라하지 마세요) [어몽어스],JUNE,53.4만명,290119,2020.9.18
40대들만 모아서 어몽어스를 한다면? 내가 제일 막내라니.. - 틀몽어스 1화,우왁굳의 게임방송,106만명,493312,2020.9.26
벤트 장인이 알려주는 벤트 200% 활용 방법 [어몽어스],주키니TV,38.7만명,911044,2020.9.5
대놓고 벤트로만 이동하는 임포스터의 충격적인 반전 [어몽어스],주키니TV,38.7만명,826195,2020.9.17
10만원 걸고 어몽어스 대회열다ㅋㅋㅋㅋ(흔한게임),흔한남매,207만명,1046065,2020.9.12
😈신고 한번 없이 한턴에 시민 다 죽여버리는 미친 임포스터ㅋㅋㅋㅋ,군림보,79.5만명,791207,2020.9.18
어몽어스에서 너무잘하면 생기는일,꿀탱탱,48.2만명,657806,2020.8.30
혼자서 다 죽이고 승리!! 이 맛에 임포스터 합니다 [어몽어스],킴성태TV,100만명,495407,2020.9.17
어몽어스 미라맵(mira) 쉽게 이기는 천재적인 방법ㅋㅋㅋㅋ미쳤습니다...,혜안,80만명,732078,2020.9.12
😈임포스터만의 궁극기 활용법,군림보,79.5만명,371701,2020.9.24
어몽어스 1급 사기자리를 발견한 연쇄살인마 공주님👸,우주하마,105만명,2141400,2020.8.24
임포 2명이 같이 있으면 아무도 모릅니다?! - 어몽어스,루태TV,48.4만명,79516,2020.9.26
🌴제가 나무처럼 보이나요ㅡ?ㅋㅋㅋㅋ 우주하마 어몽어스,우주하마,105만명,713882,2020.9.26
(약)범죄자들이 모여서 어몽어스를 한다면 어떨까?,빅헤드,47.5만명,247256,2020.9.22
어몽어스 색깔을 마음대로 바꾸는 핵ㄷㄷ 개소름... 우주하마,우주하마,105만명,2040647,2020.9.6
어몽어스 극한의 고인물 설정 플레이,도현,22.9만명,62617,2020.9.27
사람들 다보는데 대놓고 벤트타기ㅋㅋㅋㅋㅣ어몽어스,저라뎃 JUSTLIKETHAT,54.8만명,290108,2020.9.25
대놓고 죽이고도 안걸리는 방법?! [어몽어스],킴성태TV,100만명,573557,2020.9.12
방에서 안 나갔더니 다들 너무 친해졌습니다 - 어몽어스,루태TV,48.4만명,96738,2020.9.23
최초의 길막 임포스터!! 공사중 돌아가시오🚧의 미친 플레이. 우주하마 어몽어스,우주하마,105만명,1357327,2020.9.13
소름 돋는 IQ 400 미친 임포스터의 설계... 시민들을 가지고 놈 ㄷㄷㄷㄷ,군림보,79.5만명,475095,2020.9.22
시민 앞에서 대놓고 죽이고 임포스터로 몰아가기ㅋㅋㅋㅋㅋㅋ,혜안,80만명,723329,2020.9.15
감스트 어몽어스 처음인데.. 미친실력!! 말이안나온다 진심,감스트GAMST,188만명,1768386,2020.8.29
어몽어스 유저들을 100% 농락하는 전설의 검ㅎㄷㄷ 우주하마,우주하마,105만명,1424397,2020.9.7
벤트타고 죽음을 배달하는 쿠팡맨 등장!!! [어몽어스 22화],쉐어TV,16.9만명,331610,2020.9.13
이 미친 임포스터는 IQ300 천재입니다. 우주하마 어몽어스,우주하마,105만명,1453582,2020.9.8
모두가 비명 지른 0.1초 차이로 갈리는 승패 어몽어스,우주하마,105만명,1633403,2020.8.28
어몽어스에서 당신을 변호해드립니다 1vs8 임포스터 레전드,우주하마,105만명,1703843,2020.8.22
어몽어스 천하제일 컨셉대회가 열렸습니다!! 그와중에 임포스터. 우주하마,우주하마,105만명,1168519,2020.9.5
세계최초 99% 은신 임포스터 ㅡ의 미친암살 레전드!! 우주하마 어몽어스,우주하마,105만명,3492479,2020.9.2
(레전드) 임포스터들 말문을 막아버리는 센서보고 추리하기,빅헤드,47.5만명,371892,2020.9.21
정직하게 플레이 했습니다 (트롤 X 반전주의) [어몽어스],JUNE,53.4만명,263428,2020.9.17
패드립하는 컨셉충 참교육하기 ㅋㅋㅋㅋㅋ(어몽어스),빅헤드,47.5만명,276186,2020.9.9
드디어 *어몽어스* 해봤다! 10인 풀파티,잠뜰 TV,193만명,1375566,2020.9.6
펫을 이용해서 동선추리 잘하는 방법! [어몽어스 31화],쉐어TV,16.9만명,198421,2020.9.23
거미 컨셉으로 역대급 레전드를 쓴 임포스터 "Uzuhama Among Us",우주하마,105만명,1157758,2020.9.19
페이커: 어몽어스 제대로 배워왔습니다 [Faker Stream Highlight],T1 Faker,116만명,589879,2020.9.25
싸이코 비둘기 - 우주하마 어몽어스,우주하마,105만명,1374870,2020.9.11
🍔『어몽어스 빅맥송』으로 컨셉 술래잡기 ㅋㅋㅋㅋㅋ,연다,88만명,159120,2020.9.26
버그 때문에 강제로 핵쟁이가 되어버렸습니다;; [어몽어스],주키니TV,38.7만명,2119795,2020.9.11
0.1%만 성공한다는 "어몽어스 빅맥송 챌린지"에 도전하세요! [어몽어스 28화],쉐어TV,16.9만명,353200,2020.9.19
임포스터 이렇게 잘 하는 사람들 처음 봄 - 어몽어스 일반인특집,빅헤드,47.5만명,279875,2020.9.12
상대 무빙만 보고 임포맞추는 플레이 [어몽어스],JUNE,53.4만명,373697,2020.9.12
닉네임 '혜안'으로 어몽어스 해봤습니다 ..,혜안,80만명,795058,2020.9.10
크루원으로 임포스터를 암살하는 방법 찾아냄 (어몽어스),빅헤드,47.5만명,745493,2020.9.6
어몽어스 버그때문에 억울하게 죽었습니다....,김재원의 즐거운 세상,164만명,927686,2020.9.3
의무실 확시를 하면 안되는 이유 [어몽어스],주키니TV,38.7만명,747524,2020.9.19
멘사회원 10명 모아서 플레이 해봤습니다 역대급 어몽어스 [어몽어스],JUNE,53.4만명,438934,2020.9.2
임포 자수하게 만드는 비밀 치트키 [어몽어스 26화],쉐어TV,16.9만명,310374,2020.9.17
어몽어스하면서 가장 말이 많아지는 순간,김재원의 즐거운 세상,164만명,1088405,2020.9.1
김재원의 첫 어몽어스 첫 임포스터 [우주마피아],김재원의 즐거운 세상,164만명,1109051,2020.8.26
시체 몸으로 숨기기 재도전 했습니다 - 어몽어스,루태TV,48.4만명,141431,2020.9.15
한명만 계속 죽여서 어몽어스 접게 하기 ㅋㅋㅋㅋ,킴성태TV,100만명,692961,2020.9.1
[세계최초공개] 너무 잔인해서 곧 막힐 "역주행 벤트쇼" [어몽어스 23화],쉐어TV,16.9만명,438717,2020.9.14
통신실에서 나오는 소리가 진짜 모스부호였다니..!! | 어몽어스 스토리 2화,힘쎈너구리,20.1만명,256345,2020.9.24
난 돌입니다 [어몽어스],JUNE,53.4만명,342517,2020.9.14
세계적인 명문대 오클랜드 졸업생들이 어몽어스를 한다면? - 일반인 특집,빅헤드,47.5만명,148422,2020.9.26
어몽어스에도 핵이 있습니다..1초 만에 다 죽이고 끝냄ㄷㄷ,혜안,80만명,2165804,2020.8.26
닉네임에 생일이라고 했더니 모두 축하해줬습니다 - 어몽어스,루태TV,48.4만명,66135,2020.9.22
흔한남매 어몽어스 첫 도전! 과연???ㅋㅋㅋㅋ(흔한게임),흔한남매,207만명,1836535,2020.9.5
멸치의 다이어트 꿀팁ㅋㅋㅋ (ft.어몽어스 모르는 멸치),급식걸즈,40.2만명,212839,2020.9.26
컨셉충을 잡는 컨셉충 [어몽어스],JUNE,53.4만명,320467,2020.9.9
어몽어스 하는데 나빼고 모두가 여자일때 생기는일ㅋㅋㅋㅋㅋㅋㅋ,콩콩이다,27.2만명,29309,2020.9.26
채팅만으로 임포스터 잡아내는 저는 어몽어스 무당입니다. 개소름,우주하마,105만명,2021779,2020.8.21
어몽어스를 잘하고 싶다면 바보인 척을 하세요. 핵소름,우주하마,105만명,3375885,2020.8.15
IQ 187이 각잡고 제대로 플레이하면 벌어지는 일들... _어몽어스,자몽티비,47.5만명,163458,2020.9.10
IQ 156 멘사회원이 어몽어스 플레이 하면 벌어지는일 [어몽어스],JUNE,53.4만명,448831,2020.8.27
상대가 아예 찾을 수 없는 방법 [어몽어스],JUNE,53.4만명,490094,2020.9.7
극한으로 즐거운 어몽어스 - 헬창편,김계정,42만명,619211,2020.9.20
어몽어스 닉네임이 캐릭터와 다른 색깔이면?! 역대급 헬 난이도 ㅋㅋㅋㅋㅋ [어몽어스],연다,88만명,290101,2020.9.17
어몽어스 닉네임을 군림보로 해봤는데ㅋㅋㅋㅋㅋ,군림보,79.5만명,305018,2020.9.16
실화 100% 귀신 본 이야기.. 어몽어스에 유령핵 등장ㄷㄷ 개소름,우주하마,105만명,1136735,2020.9.14
당신이 몰랐던 어몽어스에 관한 10가지 사실,택하기 Tekhagi,4.68만명,1382218,2020.8.26
어몽어스에서 본 미친 컨셉충들ㅋㅋㅋㅋㅋㅋ(우주마피아),김재원의 즐거운 세상,164만명,704943,2020.8.28
(레전드)우리팀 임포스터가 너무 빨리 죽었어요. 그래도... (어몽어스),빅헤드,47.5만명,260256,2020.9.24
내 키보드를 제어하는핵(;;)과 잠수타는임포스터ㄷㄷ쩐다,우주하마,105만명,881404,2020.9.22
어몽어스에서 나대서 죄송합니다,김재원의 즐거운 세상,164만명,603069,2020.9.8
☢️어몽어스 핵쟁이를 처음으로 두 명이나 만났습니다 ㄷㄷ,연다,88만명,199473,2020.9.18
🔥핵포스터가 휩쓸고 간 충격적인 사건 현장 ㄷㄷㄷㄷ,군림보,79.5만명,566373,2020.9.21
어몽어스 처음하는 몽린이 농락하기.. 너무 귀엽네요ㅋㅋㅋㅋㅋ ㅠㅠ,혜안,80만명,1115269,2020.9.4
어몽 1일차 뜨끈한 국밥들 가지고놀기 ㅋㅋㅋㅋ [어몽어스],킴성태TV,100만명,482432,2020.9.7
어몽어스 1일차 아무도 저를 죽이지 않습니다...,튜브김민교,29.7만명,319934,2020.9.16
결국 미쳐버린 즐겜유저들의 어몽어스 (2탄),김재원의 즐거운 세상,164만명,611511,2020.9.12
초딩들이랑 어몽어스를 한다면 어떻게 될까? ㅋㅋㅋ - 잼몽어스 1화,우왁굳의 게임방송,106만명,495610,2020.9.14
시청자까지 싹다 발발 떨었던 공포의 30초. 우주하마 어몽어스,우주하마,105만명,1496562,2020.9.4
30일동안 만든 역대급 고퀄 어몽어스 맵 최초공개?! 와.. 지려따.. _ 마인크래프트,자몽티비,47.5만명,95058,2020.9.25
너무 화가 납니다.. 어몽 접어야겠네요 [어몽어스],킴성태TV,100만명,387385,2020.9.11
'보라 여친'으로 했더니 보라색의 태도가... ㅋㅋㅋㅋ :: 어몽어스,밍모,52.9만명,28001,2020.9.23
분명 죽이는걸 봤는데.. 역대급 반전이 있었습니다;; [어몽어스],킴성태TV,100만명,611135,2020.9.6
어몽어스 연기대상,수힛suweet,2.35만명,73477,2020.9.20
꿀탱탱 어몽어스 처음했을때 ㅋㅋ그때도잘함?,꿀탱탱,48.2만명,410312,2020.9.11
벤트아래 살면서 모조리 낚는 살인마 "까꿍맨" [어몽어스 17화],쉐어TV,16.9만명,411974,2020.9.7
임포스터로 죽여놓고 다른 사람한테 덮어씌우는 법 ㅋㅋㅋㅋㅋㅋ (어몽어스),빅헤드,47.5만명,1088204,2020.8.22
맵 반대로 만들어서 플레이 하는법 버그아님! [어몽어스],JUNE,53.4만명,275103,2020.9.16
어몽어스 1분컷,군림보,79.5만명,503982,2020.9.7
어몽어스에서 IQ200 인증 했습니다 [어몽어스],뜨뜨뜨뜨,154만명,419654,2020.8.27
벤트 타다가 걸리는 유형ㅋㅋㅋㅋㅋ 그것이 실제로 일어났습니다 [웃소 어몽어스],웃소 게임즈,8.69만명,534778,2020.9.22
어몽어스 한국 서버에서 외국인인척 다 죽이기ㅋㅋㅋㅋㅋ,혜안,80만명,980311,2020.8.18
국밥 컨셉 잡는 릴카에게 당해버렸습니다.. [어몽어스],킴성태TV,100만명,545123,2020.8.31
살인현장 목격하고 모른척 가지고 놀기 ㅋㅋㅋㅋ [어몽어스],킴성태TV,100만명,648049,2020.8.25
수상하다고 따라가지 마세요.. [어몽어스],킴성태TV,100만명,512669,2020.9.10
이 맵에 거울있는거 아셨나요? 거울보면안됩니다. [어몽어스 27화],쉐어TV,16.9만명,264169,2020.9.18
*어몽어스 술래잡기* 진짜 꿀잼인데???,뽁구BBokTV,40.8만명,91504,2020.9.10
멍청한 임포스터가 확시인 사람을 몰아가면 생기는 일 어몽어스ㅋㅋㅋ,코아 TV,64만명,246972,2020.9.18
"그만 괴롭혀 미X놈아!" 폭발한 신입사원ㅋㅋㅋㅋ 회사원 컨셉 어몽어스미쳤냐ㅋㅋㅋ,악동 김블루,177만명,290710,2020.9.25
어몽어스 버그 때문에 임포스터를 잡아버린 크루원 ㅋㅋㅋ,안내메시지,11.7만명,90448,2020.9.16
어몽 하위 20퍼센트는 못 찾는 시체 위치 [어몽어스],킴성태TV,100만명,401284,2020.9.15
어몽어스에서 극한의 인성질 했더니 결국 폭발함ㅋㅋㅋㅋㅋㅋ,콩콩이다,27.2만명,26540,2020.9.25
어몽어스를 너무 많이 한 안전가족 3화,행동이아빠,1.27만명,107433,2020.9.26
어몽어스 시작 전에 CCTV실에서 태어나는 방법... 이거 모르면 님만손해임,살타 Salta,8.31만명,998670,2020.8.30
살생을 하지않는 미친킬러 스님. 우주하마 어몽어스,우주하마,105만명,1097163,2020.9.23
모두를 당황시킨 뻔뻔한 임포스터식 투표 ㅋㅋㅋㅋㅋㅋ (어몽어스),빅헤드,47.5만명,454195,2020.9.11
제가 너무 잘해서 저만보면 죽이네요ㅠㅠ [어몽어스],킴성태TV,100만명,423933,2020.9.8
실친들과 어몽어스 해봤습니다 (감성추리 욕설주의),오킹TV,92.6만명,684574,2020.9.1
심리학전공끼리 어몽어스를 하면 어떻게 될까? - 어몽어스 일반인특집,빅헤드,47.5만명,403511,2020.9.4
어몽어스 투표핵 만나서 더블 벤트쇼 성공? 크루원이 임포스터 당황하게 하는법! - 어몽 어스 모바일 애니메이션,동동 TV,33.9만명,109085,2020.9.22
전혀 수상하지 않은 부부의 임포스터 사기극ㅋㅋㅋ [김계정 어몽어스],김계정,42만명,827145,2020.8.30
성격 개급해서 1분13초만에 끝내는 우주하마 레전드 어몽어스 플레이,우주하마,105만명,2213624,2020.8.26
어몽어스2 제작 취소? 결국은 포기해버린 개발자들의 논리 / 신규 맵 소식,허언 빽형,7.99만명,336,2020.9.27
어몽어스 절대 이렇게 하지 마세요...ㅋㅋㅋㅋㅋ,꽈뚜룹 Quaddurup,116만명,633668,2020.8.27
사람이 오면 문 닫고 죽이는 사이코패스 임포스터ㅋㅋㅋㅋ,군림보,79.5만명,1110896,2020.9.10
생방중 4000명이 소름돋은 해킹핵에 당했습니다... [어몽어스 19화],쉐어TV,16.9만명,443082,2020.9.8
임포스터 한테 절대 안죽는 방법 [어몽어스],JUNE,53.4만명,580066,2020.8.31
어몽어스 애니메이션 - 고인물 vs 뉴비 (임포스터편),배화,4.4만명,1762109,2020.9.19
참여자 전원이 맵핵을 키고하는 미쳐버린 어몽어스 맵핵모드ㅋㅋㅋ,김계정,42만명,392539,2020.9.26
내가 임포 걸렸을때 대처하는 자세 [어몽어스],JUNE,53.4만명,216186,2020.9.4
모르는 사람과 벤트쇼로 레전드 찍은 유튜버 [어몽어스],주키니TV,38.7만명,1371787,2020.9.1
통신실 사보타지로 레전드를 쓴 역대급 미친 임포스터 [어몽어스],주키니TV,38.7만명,1319335,2020.9.9
어몽어스가 인성파괴 게임인 이유,킴성태TV,100만명,821690,2020.8.21
임포스터보다 시민이 더 재미있는 이유?! 임포 농락 꿀잼 ㅋㅋㅋ [어몽어스],킴성태TV,100만명,429270,2020.9.20
보안실로 들어오면 다 죽이는 미친 임포스터 ㅋㅋㅋㅋㅋ [어몽어스],윤루트,23.5만명,25743,2020.9.22
어몽어스할 때 꼭 있는 16가지 유형ㅋㅋㅋㅋ,웃소 Wootso,137만명,2605285,2020.8.29
임포스터가 없는데 누구를 잡으라는 거지? [어몽어스],주키니TV,38.7만명,851565,2020.9.7
어몽어스에서 일어난 사랑과 전쟁 - 어몽어스 고멤합방,우왁굳의 게임방송,106만명,635931,2020.9.12
(꼭해보세요) 합법적 버그로 초보 임포스터도 100% 이기는 방법 [어몽어스 25화],쉐어TV,16.9만명,367105,2020.9.16
어몽어스 임포스터 찾는법 ㅋㅋ,꿀탱탱,48.2만명,595066,2020.9.7
물 만난 정치왕 저라뎃 【어몽어스 하이라이트】,저라뎃 JUSTLIKETHAT,54.8만명,307054,2020.8.29
어몽어스하면서 가장 설레는순간 CCTV.,도현,22.9만명,258990,2020.9.8
망원경으로 크루원 싹 다 속이는 방법ㅋㅋ 개레전드 _ 어몽어스,자몽티비,47.5만명,90554,2020.9.24
이게 어몽어스야 공포게임이야,SUNBA선바,81.6만명,588643,2020.9.3
MIRA HQ 사진에 담긴 소름끼치는 의미..!! | 어몽어스 스토리 1화,힘쎈너구리,20.1만명,234172,2020.9.18
살인하면 화면이 굳어버리는 버그?! [어몽어스],킴성태TV,100만명,383479,2020.9.9
Pa Ran Saeg I Imposter Eyo! - 어몽어스(Among Us) 오클랜드대학 특집 풀영상,두번째 빅헤드,3.47만명,4666,2020.9.26
임포스터가 어려우세요? 대놓고 죽여도 안걸리는 법 알려드립니다,혜안,80만명,1139698,2020.9.7
제가 죽였는데 국밥 둘이서 계속 싸우네요 ㅋㅋㅋㅋㅋ [어몽어스],킴성태TV,100만명,499927,2020.8.30
이럴수가..초등학생한테 어몽어스 개 털렸습니다... - 잼몽어스 3화,우왁굳의 게임방송,106만명,320433,2020.9.18
눈앞에서 킬하고 농락하는 임포스터;; [어몽어스],킴성태TV,100만명,489576,2020.8.28
죄송합니다. 투명핵 썼습니다. [어몽어스],킴성태TV,100만명,406440,2020.9.23
어몽어스에서 절대 의심받지 않는 소름돋는 중국인 임포스터,주키니TV,38.7만명,1000421,2020.8.20
어몽어스 가장 극혐미션은?! (어몽어스 이상형 월드컵),왈도쿤,19.8만명,20904,2020.9.26
2분 만에 전부 죽이는 빅헤드 & 중력의 레전드 플레이ㅣ어몽어스,빅헤드,47.5만명,1914521,2020.7.28
임포수터 장인｜어몽어스 하이라이트,수찬 Suchan,26.5만명,154806,2020.9.16
코혐있는 임아니 feat. 어몽어스,임아니[임아니TV],2.72만명,68306,2020.9.19
(공감주의) 어몽어스 할 때 가장 쪽팔리는 순간;,혜안,80만명,508609,2020.9.6
어몽어스 만화 - 민트 & 민트베이비의 이야기 ㅠㅠ 크루원의 실제 시점...?,휴지,44.8만명,122830,2020.9.25
닉네임 적는대로 다되는 말도안되는 일이 벌어졌습니다. 우주하마 어몽어스,우주하마,105만명,1506046,2020.8.25
삼촌;; 어몽어스 그렇게 하는거 아니에여 ㅠㅠ 답답해!! (Feat. 마이린&노래하는하람),뚜빠와 게임을 즐겁게,1.98만명,14260,2020.9.26
어몽어스 애니메이션 3화 AMONG US ANIMATION EP3,ONTHECAT 온더캣,2.89만명,642744,2020.9.20
대놓고 킬했는데 이걸 못보네?ㅋㅋㅋㅋㅋㅋ ｜어몽어스 하이라이트,수찬 Suchan,26.5만명,142380,2020.9.1
어몽어스 느린 술래잡기 🐢 젖먹던 힘으로 1cm 도망 ㅋㅋㅋㅋㅋ,지컨,19.8만명,53650,2020.9.23
애들아 나 임포스터야.. 관심 좀... 임포스터라니까? - 어몽어스(Among us) - 겜브링(GGAMBRING),겜브링 GGAM BRING,102만명,276924,2020.9.18
임포스터 어떻게 하는지 알았습니다 - 어몽어스 고멤합방,우왁굳의 게임방송,106만명,511129,2020.9.9
(꿀팁!!) 킬하고 대놓고 숨어도 찾을수 없는 은신 임포스터 [어몽어스 21화],쉐어TV,16.9만명,386286,2020.9.11
한곳에서만 계속 죽이는 저이코패스 【어몽어스 하이라이트】,저라뎃 JUSTLIKETHAT,54.8만명,327963,2020.9.4
어몽어스 처음하는 아저씨인척 해보세요 시민들이 지켜줌ㅋㅋㅋㅋㅋ,혜안,80만명,986395,2020.8.29
어몽어스가 내 인생에 도움 되는 이유 / 스브스뉴스,스브스뉴스 SUBUSU NEWS,59만명,461410,2020.9.19
어몽어스 너무 잘해서 쌍욕 먹었습니다 ;,혜안,80만명,1192427,2020.8.14
오버워치 어몽어스모드 퀄리티 대박임ㅋㅋㅋ,김재원의 즐거운 세상,164만명,554815,2020.9.20
박스로 만든 어몽어스 킬모션 오토마타 | 당기면 자동으로 칼 연타를 한다!? | Making Among us kill Automata with Cardboard,바이준 BYJUN,6.32만명,1558428,2020.9.21
프로포즈했다차인사람 위로해주다가 멸망한 착한 시민들ㅠㅠ 어몽어스,우주하마,105만명,1361135,2020.8.29
어몽어스 도중 한명만 골라서 죽이면 일어나는일 ㅋㅋㅋㅋ,코아 TV,64만명,557498,2020.8.19
어몽어스 합법적 핵으로 같은 색 누명 씌우는 방법 ㅋㅋㅋ,안내메시지,11.7만명,92030,2020.9.12
어몽어스 처음이라 아무것도 모르는뎅 ㅎㅎ 죽였당 ㅎㅎ,코아 TV,64만명,667356,2020.8.14
임포스터가 제일 재밌을 때 ㅋㅋㅋ 걸뽀 어몽어스,걸뽀girlbbo,30.7만명,76926,2020.9.13
바보컨셉으로 90초컷 실화?! 역대급 핵병맛 어몽어스 플레이ㅋㅋ 어몽어스,자몽티비,47.5만명,171246,2020.8.21
소름 돋는 IQ 600 임포스터 레전드 잘하는 법 [ 어몽어스 ],재민TV,45.2만명,57680,2020.9.20
모두가 놀란 킴성태의 슈퍼플레이!! 혼자 다 끝내버림.. [어몽어스],킴성태TV,100만명,595813,2020.9.5
사플로 임포스터 다 잡아서 핵 친플 의심받는 유튜버 어몽어스,살타 Salta,8.31만명,261746,2020.9.13
마! 살아있네! - 어몽어스(Among Us) 범죄자 특집 풀영상,두번째 빅헤드,3.47만명,12954,2020.9.24
어몽어스 애니메이션 - 고인물 vs 뉴비 (크루원편),배화,4.4만명,1581051,2020.9.12
※아파트 PC방※ 실제 친구들끼리 모여서 어몽어스를 한다면ㅋㅋㅋㅋ 그만 훔쳐보라고!!,악동 김블루,177만명,546116,2020.9.21
"핵이냐? 어떻게 찾아ㅋㅋ" 세계1위 고수데리고 어몽어스 배그에서 해봤습니다ㅋㅋㅋㅋㅋ,악동 김블루,177만명,471699,2020.9.11
어몽어스 채팅창에서 이렇게하면 임포스터 절대 안 들킵니다 ㄹㅇ,혜안,80만명,1148852,2020.8.22
어몽어스 10초만에 승리하는게 가능하다고???,뽁구BBokTV,40.8만명,89923,2020.8.30
아이엠 벤트맨 ㅋㅋㅋㅋㅋ [어몽어스],JUNE,53.4만명,452422,2020.8.29
내가 살인마라구요?? [어몽어스],뿌리,2.22천명,1693,2020.9.24
어몽어스에서 한 명만 믿으면 생기는 일.. 레전드 반전 ㅋㅋㅋㅋㅋ,연다,88만명,169665,2020.9.15
개그맨들끼리 어몽어스를한다면?ㅋㅋㅋㅋㅋㅋㅋㅋㅋ,조충현,43.7만명,134049,2020.9.12
마피아 고인물 웃소가 어몽어스를 하면 벌어지는 일ㅋㅋㅋㅋ [웃소 어몽어스],웃소 게임즈,8.69만명,1234692,2020.8.18
거짓말 하면 누렇게 변하는 쁘허??? 나 임포스터 아니야!(어몽어스) [PrettyHerb 쁘띠허브],쁘허,97.3만명,191816,2020.9.14
어몽어스 먹방] 여우 강아지 거북이에게 임포스터를 먹여보자 ㅋㅋ 간단하게 만드는 동물간식,다흑님,65.6만명,70686,2020.9.25
국밥들이 많네요^^ 배그BJ들과의 어몽어스,유튜브박사장,10.3만명,21818,2020.9.23
어몽어스 이름 없애는법?! 연속 8킬 임포스터 하는법 이거 뭐죠? - 어몽 어스 모바일 애니메이션,동동 TV,33.9만명,141855,2020.9.19
초딩들하고 어몽어스 하니까 가지고 놀기 너무 쉬움 ㅋㅋㅋ - 잼몽어스 2화,우왁굳의 게임방송,106만명,314677,2020.9.16
감히 시민인 날 의심해? [어몽어스],타요튜브 [TAYOTUBE],16.4만명,92960,2020.9.13
나의 어몽어스 '첫' 임포스터 '첫'킬은 너다ㅋㅋㅋㅋ,군림보,79.5만명,640796,2020.8.22
추리 게임을 피지컬 게임으로 즐기는 사람 | 어몽어스 합방,압둘알리과로사,78.8만명,1197803,2020.7.18
어몽어스를 할 때 순간포착능력이 정말 중요합니다. 누가 죽였을까요?,빅헤드,47.5만명,1184526,2020.8.8
어몽어스 크루원으로 임포스터라고 의심받는 방법,악녀,52.9만명,289397,2020.9.7
살고싶으면 뛰어!! 어몽어스로 하는 술래잡기 ㅋㅋㅋㅋ,연다,88만명,334571,2020.8.17
대놓고 벤트타도 이기는 벤트맨의 고급기술!!![어몽어스 6화],쉐어TV,16.9만명,542436,2020.8.24
어몽어스 치명적인 오류 발견했습니다. 회의 누르면 벤트타는 모션이 보인다고? [어몽어스 살타],살타 Salta,8.31만명,216099,2020.9.18
꿀탱탱도 인정한 시체수집가 저이코패스ㅋㅋㅋ ｜어몽어스 하이라이트,저라뎃 JUSTLIKETHAT,54.8만명,364434,2020.9.16
어몽어스 애니메이션 - 전기실,팽구penggu,7.09천명,12601,2020.9.25
뭉쳐있는데 찌르면 생각보다 잘 몰라요 ㅋㅋㅋㅋ [어몽어스],연다,88만명,319821,2020.9.1
유튜브 한다고 했더니 임포가 벤트쇼 보여줬습니다 ㅋㅋ - 어몽어스,루태TV,48.4만명,54486,2020.9.18
❤️💙💛내가 직접 만드는 어몽어스 스티커💛💙❤️,옐언니,62.7만명,290101,2020.9.23
공대생들의 치밀한 계획살인 - 어몽어스 대학특집,빅헤드,47.5만명,361272,2020.8.28
어몽어스 애니메이션 - 중퇴/Among Us Animation,상아리,4.12만명,156285,2020.9.25
포오의 어몽어스 탐정놀이! -캐릭온 꿀잼 게임,캐릭온 TV,95.7만명,472021,2020.9.18
역대 최강 트롤러 데리고 캐리했습니다.. [어몽어스],킴성태TV,100만명,693788,2020.8.27
어몽어스 임포스터 걸린 아빠 2화 안전가족,행동이아빠,1.27만명,150679,2020.9.24
벤트타는 어몽어스 캐릭터 그리는 법,대충그려,6.93천명,68643,2020.9.24
어몽어스2 개발 취소 소식 정리,우주인,1.71천명,422927,2020.9.24
롤비제이들과 어몽어스를 하게 됐는데...,토끼예나 [RABBIT],6.5만명,33780,2020.9.21
어몽어스 10000명이 감탄한 신들린 벤트쇼 ㅋㅋㅋㅋ,핑맨,43.5만명,92120,2020.9.24
극한의 컨셉충.. 도플갱어를 만나다.. 과연?! _ 어몽어스,자몽티비,47.5만명,127361,2020.9.12
소름돋는 역대급 정치질 플레이ㅋㅋ 킬 없이 게임 이기네?! _ 어몽어스,자몽티비,47.5만명,137197,2020.9.15
벤트맨 외국서버가서 1vs8 붙었습니다!!!!!!![어몽어스 14화],쉐어TV,16.9만명,349827,2020.9.2
제작자 사칭해서 연승 챙기는 방법ㅋㅋㅋ [김계정 어몽어스],김계정,42만명,584939,2020.8.27
어몽어스 무료 스킨 얻는 법!!! PC+모바일 둘다 가능!!! (할로윈 스킨 얻기 크리스마스 스킨 얻기),뽁구BBokTV,40.8만명,255471,2020.9.7
[OC] 어몽어스하는 Joystick meme,RM_A름어,4.1만명,16146,2020.9.26
【 탬탬버린 】 - 죽은 진우가 살아있는 탬탬버린보다 낫다.. 어몽어스 버그로 임포스터 이기기 ㄷㄷㄷㄷ,탬탬버린,44.9만명,307278,2020.9.11
롤 현 프로게이머한테 조리돌림 당하는 (자칭)어몽어스 프로게이머 -어몽어스 하이라이트,따효니DDaHyoNi,18.1만명,21227,2020.9.27
임포스터로 펜타킬 하는 법 :: 어몽어스,밍모,52.9만명,13132,2020.9.26
마피아 게임의 완성형 어몽어스는 왜 갓겜일까? [어몽어스],영래기,24.8만명,344957,2020.8.16
견자희! 견자희! 견자희...! VS 너불! 너불! 너불..! | 어몽어스,악어 유튜브,127만명,77890,2020.9.22
어몽어스2 취소 업데이트? 투표중 스킨 얻는 핵?! 킬안하고 임포스터 승리 하는법!! - 어몽 어스 모바일 공략 애니메이션,동동 TV,33.9만명,60469,2020.9.24
죽이고 벤트타고 뒤로 나와서 또 죽이고 벤트타고 뒤로.. _ 어몽어스,자몽티비,47.5만명,286924,2020.9.2
어몽어스 임포스터한테 절대 안죽는 방법 발견했습니다 ㅋㅋㅋㅋ,안내메시지,11.7만명,116709,2020.9.6
하이 빅스비 벤트쇼 해줘 [어몽어스],주키니TV,38.7만명,1062558,2020.8.27
어몽어스를 만나서 같이 하면 생기는 일 ㅋㅋㅋ 표정만 봐도 임포를 찾을 수 있습니다 ㅋㅋㅋ 😚#7,공대생 변승주 DS,214만명,240952,2020.9.17
어몽어스 임포스터의 충격적인 비밀..!! (feat.벤트쇼의 원조ㅋㅋㅋ) | 어몽어스 스토리 0화,힘쎈너구리,20.1만명,519933,2020.9.4
[로블록스] 루시와 로블록스 어몽어스!!! 우주선에서 살아남아야해요!!,돼지저금통,71.8만명,106874,2020.9.25
어몽어스 처음해보는 틀딱 우최올 [우주에서 "솔킬성공"],우주최강올라프,7.59만명,12414,2020.9.26
생일날 어몽어스를 하면 벌어지는일!!! [어몽어스 2화],쉐어TV,16.9만명,513360,2020.8.20
와 임포스터 고인물들은 킬각을 이렇게 만드네요 ㄷㄷㄷ,혜안,80만명,678216,2020.9.21
사람을 의심하는 성격이 어몽어스에서 제갈량으로 만들어줍니다ㅋㅋㅋㅋㅋ,머독방송,82.7만명,204542,2020.9.4
범죄도시2기념 장첸으로 어몽어스하깈ㅋㅋㅋㅋㅋㅋㅋㅋ,조충현,43.7만명,119867,2020.9.23
어몽어스 대변신!! 무드등 만들기 / Making Among Us Mood Lamp,Mr.아재 [Mr.Ajae],34만명,48373,2020.9.26
당신이 알지 못하던 어몽어스속 45가지 TMI #1,게임저장소,9.76만명,862671,2020.8.25
어몽어스 할로윈 스킨 얻는법 괴담?! 이런게 될리가 없자나 ㄷㄷ - 어몽 어스 모바일 애니메이션,동동 TV,33.9만명,139949,2020.9.16
보는 앞에서 벤트타기... 누렇게뜬 사람 임포...가 맞네..(어몽어스) [PrettyHerb 쁘띠허브],쁘허,97.3만명,132625,2020.9.18
어몽어스 버그 모음 (핵 아님),루태TV,48.4만명,88955,2020.9.24
서새봄] 짧게 하려고 했는데? [어몽어스 합방/진우님 / 초홍님 / 도티님 / 옴므님 / 이녕님 / 머독님 / 갑주님 / 알버트님 / 중력님],서새봄의 게임채널,4.21만명,15525,2020.9.23
마크에 어몽어스가 떴다?! 휴포스터각이네요 ㅋㅋㅋㅋ[ 마인크래프트 ] l 휴지(HueZ),휴지,44.8만명,55382,2020.9.26
어몽어스 고인물들도 모르는 숨겨진 장소가있다?ㅋㅋㅋㅋㅋ,콩콩이다,27.2만명,359020,2020.9.18
자꾸 싸워서 심판이 되어주었습니다 - 어몽어스,루태TV,48.4만명,43295,2020.9.17
어몽어스 하는 개그맨 양세형(?) ㅋㅋㅋㅋㅋㅋㅋㅋ,안내메시지,11.7만명,154756,2020.9.9
어몽어스 왕초보가 임포스터 되면 일어나는 일 (바봉어스 주의ㅋㅋㅋ) 마피아 어몽어즈 모바일 게임 Among Us Mobile Game | 말이야와게임들 MariAndGames,MariAndGames,29.2만명,6077,2020.9.26
당신은 임포스터를 맞출 수 있습니까? 멘몽어스 [어몽어스],JUNE,53.4만명,184275,2020.9.4
변호사 앞에서 죽이고 반응보기ㅋㅋㅋ(어몽어스),양아지,29.3만명,313362,2020.8.28
짧) 조용하게 잘 죽이는 사람 쏘대장 (어몽어스),김진솔,32.5만명,72266,2020.9.13
어몽어스에서 '짝사랑'하는 사람 '미인계' 이용해서 이기는 법 ㅋㅋㅋㅋㅋㅋㅋㅋㅋㅋㅋㅋㅋㅋ,원정상,28.2만명,217406,2020.9.14
[어몽어스][Live] 저 오늘 처음 어몽어스 해봐요,영은Youngeun,2.16천명,1705,2020.9.25
어몽어스 첫판부터 암살자 핵쟁이를 만났다..,공대생 변승주 DS,214만명,398166,2020.8.30
어몽어스 뉴비 놀리기 ㅣ옥자강소연우정잉소니쇼김달걀짬타수아백설양이춘향꽃빈잼미님 [박옥자누나 유튜브],박옥자누나,3.88만명,37544,2020.9.14
조선 양반이 살인자라고? | 어몽어스,뽁구BBokTV,40.8만명,27660,2020.9.21
벤트맨 키캡 만들기🤫 어몽어스3탄! 키캡 레진아트 레진공예 - Among Us Keycaps series 3 - Mani Land,Mani Land * 마니랜드 *,,117918,2020.9.25
[BRUSH] 어몽어스 임포스터 애니메이션,BRUSH,16.5만명,206894,2020.9.25
어몽어스 잘하는법? 이 영상 하나로 마스터! /공략,코모리,4.61만명,135229,2020.8.20
배틀그라운드 어몽어스 모드,주키니TV,38.7만명,497466,2020.9.13
어몽어스 할 줄 몰라서 이거 합니다. -43세 최현우-,최현우 'HyunWoo Choi',30.5만명,27560,2020.9.25
어몽어스(Among Us)를 처음하는 사람들을 위한 가이드,잠옷이체육복,523명,759293,2020.4.10
어몽어스 10명의 임포스터,핑맨,43.5만명,87111,2020.9.19
어몽어스를 너무 많이 한 안전가족,행동이아빠,1.27만명,318637,2020.9.20
[어몽어스] 어몽어스 바로 이기는 핵 발견 ㄷㄷ,취한무드등,8.25만명,49191,2020.9.14
2회차 어몽어스 합방 갈통대전(잼강백꽃짬춘옥걀쇼잉),노컷잼미,1.28만명,2012,2020.9.20
임포스터를 팀킬 해버렸다 ㅋㅋㅋ [어몽어스] :: 딕스 ::,딕스Dix,34.7만명,76664,2020.9.16
어몽어스가 무슨 머리쓰는 게임이야 ;,Chujeong츄정,24만명,47103,2020.9.23
[마인크래프트] 우리중에 살인마가 있어요!!! 마크 어몽어스 모드!!,돼지저금통,71.8만명,185841,2020.9.23
어몽어스애니메이션 (크루원은 임포임포임포스를 죽인다)3,좋아하는 사람그림,6.46천명,310082,2020.9.13
4판 연속 임포스터 걸려서 신난 벤트타는 중국인 [어몽어스],주키니TV,38.7만명,769603,2020.8.30
빡머가리 김꽃핀의 어몽어스란,꽃핀,38.4만명,136993,2020.9.8
【 2020.09.15 / 어몽어스 (w 감블러 김뚜띠 김뿡 나나양 램램 마뫄 삐부 실프 이춘향) 】 - 탬탬버린 다시보기,탬탬버린 다시보기,8.12만명,97592,2020.9.21
꿀탱탱이랑 내가 임포스터라고? 이건 게임 끝났지~ 잠깐 놀아줘볼까? (어몽어스),김진솔,32.5만명,127694,2020.9.12
아구에로는 요즘 어몽어스에 빠져버렸다구☆ㅋㅋㅋㅋ(+쿠키있음),키읔,,581780,2020.9.13
비폭력 간디로 마음을 얻는 법 [어몽어스],JUNE,53.4만명,318930,2020.9.1
KOO Tigers 멤버들과 함께 어몽어스 레전드 찍어버림ㅋㅋㅋㅋ,호진,16.2만명,75391,2020.9.17
Making Among Us With polymer Clay/어몽어스 만들기,OCK CLAY,572명,34488,2020.9.17
어몽어스 애니메이션 2화 AMONG US ANIMATION EP2,ONTHECAT 온더캣,2.89만명,507716,2020.9.14
이러시는 이유가 있을 거 아니에요? [어몽어스],최케빈,50.2만명,125156,2020.9.22
화장실에 갔다왔더니 내가 죽어있었다 - 어몽어스 [풍월량 in 배도라지],풍월량,44.4만명,127998,2020.9.6
닉네임대로 이뤄지는 어몽어스 술래잡기,눈꽃,41.9만명,10479,2020.9.23
어몽어스 시작 한 안전가족 1화,행동이아빠,1.27만명,183052,2020.9.22
나 오하빵 게임 경력 25년 노하우로 어몽어스 제패했다요 🕵│어몽어스 AmongUS│[오하빵 ohhabbang],오하빵 ohhabbang,12.2만명,88570,2020.8.22
어몽어스 첫도전!! 아무것도 모르는 그들...과연 어떤일이???ㅋㅋㅋ바보들.. (잉여맨 Among Us),잉여맨 유튜브,81.5만명,213887,2020.9.22
벤트맨 업그레이드 시킨 "아임 맷돌맨!!" [어몽어스 12화],쉐어TV,16.9만명,473072,2020.8.31
[ 어몽어스에서 화타 떴다..! ] - 【 지누 】,YouTube지누,26.6만명,117237,2020.9.22
어몽어스 바보가 단숨에 더블킬을 한다면 일어나는 반전!?,코아 TV,64만명,323556,2020.8.29
임포 걸리면 꼭 이런 일 생김ㅣ 어몽어스 공감 어몽어스 애니메이션,문방구TV,33.7만명,66119,2020.9.23
어몽어스에 나타난 찐따 임포스터 | 어몽어스,악어 유튜브,127만명,155182,2020.9.9
레진공예! 어몽어스 유령 만들기,달려라치킨 Dalchi,85.4만명,480774,2020.9.14
수탉의 어몽어스 술래잡기 처음 하는 날 (3편),수탉,58.1만명,225619,2020.9.7
어몽어스 술래잡기ㅋㅋㅋㅋ미션은 포기해!!! 일단 뛰어ㅋㅋㅋㅋ[웃소 게임즈],웃소 게임즈,8.69만명,653892,2020.8.28
임포스터인데 2번이나 혼자 남았다면?! [어몽어스],옴므,31.6만명,1402,2020.9.26
어몽어스 해본 사람이면 공감할 수밖에 없는 웃긴 짤 모음ㅋㅋㅋㅋㅋㅋㅋㅋ,유머스낵,,187879,2020.9.14
엄청난 눈썰미로 임포스터를 찾아내는 어몽어스 고인물 할아버지,주키니TV,38.7만명,524409,2020.8.25
간만에 케빡집중 추리하는 고인물들 [어몽어스],최케빈,50.2만명,165811,2020.9.16
*눈물주의* 숨겨진 강아지 펫의 비밀 - 어몽어스,루태TV,48.4만명,609017,2020.8.26
어몽어스 애니메이션 - 팬 메이드 킬 애니메이션/Among Us kills Animation,상아리,4.12만명,234733,2020.9.18
어몽어스 킬 없이 죽이는 방법,핑맨,43.5만명,95688,2020.9.15
어몽어스 혼자는 다매다네~,약장수민,4.33만명,2032,2020.9.26
어몽어스 애니메이션 - 식당+대기실 버그/Among Us Animation-Bug,상아리,4.12만명,338782,2020.9.14
배그BJ들끼리 어몽어스 한판 때렸습니다 [어몽어스],킴성태TV [풀영상 다시보기],2.67만명,118019,2020.8.25
속도를 마음대로 조절하는 미친 핵 [어몽어스],팽구penggu,7.09천명,315572,2020.9.12
🔥 카트라이더 + 어몽어스 = 카몽어스 🔥 역대급 꿀잼 ㅋㅋㅋㅋㅋㅋㅋㅋ,긍정인,11.4만명,31611,2020.9.24
이 파티... 쉽지 않다... - 어몽어스(Among Us) 합방 풀버전,두번째 빅헤드,3.47만명,155826,2020.8.22
어몽어스 시작하기전 알아야 할것 10가지,* Guest *,279명,192488,2020.1.14
어멍어스 (어몽어스) 강아지 리믹스,DJ DOG,39.3만명,64223,2020.9.25
어몽어스 배그버전ㅋㅋㅋㅋㅋㅋㅋ,김계정,42만명,344170,2020.9.11
어몽어스 하다가 친구랑 싸우고 만든 노래,Hale In Ocean 정혜일,13.9만명,271731,2020.9.19
손님들 잔뜩 모셔놓고 펼치는 살인 규칙 [어몽어스],최케빈,50.2만명,236462,2020.9.9
어몽어스 고인물 친구랑 가짜사나이 때문에 절교했습니다ㅣ영상툰 사연툰 고민툰 빡침툰 긍정이,긍정이,6.88만명,45906,2020.9.25
Among Us BGM - Cat Piano Cover 어몽어스 고양이 버전,차커 Chaco,20만명,175798,2020.9.23
댄스타임 in 어몽어스 애니메이션 / 도애니,도애니 DO animation,13.8만명,107794,2020.9.23
어몽어스 캐릭터 그리는 법,대충그려,6.94천명,455750,2020.9.14
어몽어스 애니 (Among Us Coffin Dance),원원OneOne,5.16만명,548761,2020.9.23
[어몽어스] 임포스터 공략 1탄!! Among us!,우박TV,2.37천명,174818,2020.8.9
어몽어스 하다가 결국 메모장 켰습니다...... [풍월량 in 배도라지],풍월량,44.4만명,191466,2020.8.31
크림까르보불닭 폴가이즈 어몽어스,HONG SOUND,165만명,233977,2020.9.22
어몽어스의 협곡에 오신 것을 환영합니다 임선비님^^,상어녀,3.77만명,10095,2020.9.14
오랜만이네 이 감각?? [어몽어스],최케빈,50.2만명,454516,2020.8.7
(고막주의) 정신나갈 것 같은 조합 - 어몽어스(Among Us) 풀영상,두번째 빅헤드,3.47만명,83744,2020.9.7
어몽어스 입문자 초보자 가이드 - 우우킹[Among Us],우우킹의 게임킹덤,867명,282658,2020.8.2
[어몽어스]임포스터 하고싶다♥,고농축,3.75만명,13212,2020.9.25
친구들을 속여라!! 어몽어스로 친구들 속이기 (임포스터 VS 크루원) with 노래하는하람 아롱다롱 유리 채민 | Among Us Game | 마이린 TV,마이린 TV,105만명,95963,2020.8.29
어몽어스 만화 - 괜찮게ㅆ 우두둑 탕,고누리,15.5만명,89475,2020.9.21
멋사는 억울하다💢 | 어몽어스,악어 유튜브,127만명,100676,2020.9.16
웃소 어몽어스 고인물인척 하다가 혼쭐났습니다ㅋㅋㅋㅋ (선바님 박나나님 매드라이프님 선바 편집자님과 함께) [웃소 게임즈],웃소 게임즈,8.69만명,788348,2020.8.26
(ENG) 게임 어몽어스 캐릭터 만들기,달려라치킨 Dalchi,85.4만명,780537,2020.8.21
어몽어스 완전정복,이도원,4.69만명,30271,2020.9.20
어몽어스 BGM + 주요 효과음 37개 (잡음 X),그린스크린,1.31천명,9135,2020.9.14
범인은 누구일까요!? 어몽어스 로블록스 탁주 쪼꼬,탁주 TV,61.7만명,187876,2020.9.21
어몽어스 벤트쇼 게임 만들기. Among us vent show game DIY,백썽TV,825명,6042,2020.9.18
[어몽어스] 닉네임 안보이게 하는법!,과일파야,460명,247001,2020.8.27
혼종의 등장... 찐민입니다 :: 어몽어스,밍모,52.9만명,13268,2020.9.18
박스로 만든 어몽어스 벤트쇼 오토마타 | 돌리면 자동으로 벤트쇼를 한다!? | Making Among us Automata with Cardboard,바이준 BYJUN,6.32만명,956049,2020.9.6
어몽어스 빡치는 유형 ㅋㅋㅋ 유형툰 영상툰,문방구TV,33.7만명,95835,2020.9.22
어몽어스 겜 초보들이 술래잡기 하면 집안 난리나는 이유ㅋㅋㅋ,하루아루 TV Haruaru TV,25.5만명,124421,2020.9.17
전부 바보되는 난이도 99lv 끝판왕 어몽어스 바봉어스(3단계),우주하마,105만명,1219349,2020.9.20
대놓고 죽여도 모른다! 평균나이 38세의 어몽어스🧔 (※서른안 주의),옥냥이 RoofTopCAT,41.2만명,182917,2020.8.31
어몽어스 애니메이션 || 단편 에피소드 2편,Cotton Pop,2.01천명,8469,2020.9.21
[어몽어스] 임포스터가 하고싶은 훈발놈,루비마루,8.75천명,163883,2020.9.22
어몽어스 노예가 알고보니 임포스터라면...? [어몽어스 무료로 하는법],안내메시지,11.7만명,115997,2020.8.31
요즘 인싸게임이라는 어몽어스 해봤습니다 (서새봄 김재원 러너 꽃빈 박옥자 알버트 쫀득김진우 옴므),머독방송,82.7만명,247002,2020.9.1
어몽어스 애니메이션 [합작],백설기,5.13천명,8752,2020.9.22
배만들기로 어몽어스 고인물??ㄷㄷ / 루피 + 고잉메리호 까지ㅋㅋㅋㅋㅋ [보물선 만들기],범석TV,36.3만명,248519,2020.9.21
어몽어스(마피아 겜) 추리는 안하고 컨셉질만 하는 사람들ㅋㅋㅋ,주둥이방송,29.5만명,68562,2020.9.11
어몽어스부터 카트 오버워치까지?! 랜덤무기전쟁 온라인게임 특집 1부 | 마인크래프트 악어 Randarms,악어 유튜브,127만명,144941,2020.9.23
어몽어스 애니메이션 - 핵/Among Us Animation,상아리,4.12만명,944375,2020.9.5
지메에서 어몽어스를 검색한다면?,KJackpot,1.91만명,206472,2020.9.18
어몽어스 공략,푸린,35.1만명,68595,2020.9.12
🍔어몽어스 재료들 1분컷하는 요리사 임포스터ㅋㅋㅋㅋㅋㅋ,윤루트,23.5만명,47019,2020.9.16
[로블록스] 어몽어스 로블록스 버전! 살인마 임포스터를 찾아서 쫓아내요!! (로블록스 어몽어스 1화)(Roblox Impostor),새상놀이터,12.1만명,141607,2020.9.20
머리나쁨+어몽어스처음=짬갈통,짬타수아,20.4만명,65243,2020.9.18
임포스터 위기 대처능력 [어몽어스] :: 딕스 ::,딕스Dix,34.7만명,46360,2020.9.19
내 투표는 가슴이 시킨다..★ 어몽어스,악어 유튜브,127만명,141747,2020.8.26
어몽어스 고멥합방 왁튜브에 안올라온 게임들까지 ! - 우왁굳 풀영상,우왁굳의 풀업로두,17.3만명,148879,2020.9.14
어몽어스부터 카트 오버워치까지?! 랜덤무기전쟁 온라인게임 특집 2부 (완결) | 마인크래프트 악어 Randarms,악어 유튜브,127만명,109269,2020.9.23
아이콘 찬우의 어몽어스 (핵 주의),찬우살이,60.3만명,207415,2020.9.11
어몽어스 킬 30가지 애니메이션 모음 [Among US kill animation],레키,3.83천명,314209,2020.9.13
어몽어스 명하 얍,명데기,347명,511,2020.9.25
"롤 판 어몽어스" 팀에 마피아를 끼고 게임을 하면 벌어지는 참사,튜브김민교,29.7만명,380170,2020.9.11
든든한 코봉이국밥 ㅋㅋㅋㅋㅋ [어몽어스],타요튜브 [TAYOTUBE],16.4만명,55061,2020.8.27
박명수 어몽어스 임포스터는 누구인가? 할명수 ( 트위치 Twitch 라이브 ) 고독한 박명수,Park Myung Soo 박명수 Han Soo Min 한수민 fan,1.7만명,2219,2020.9.19
어몽어스 헬창모드,엔트리NTree,4.19만명,693661,2020.9.9
대도서관 생방송] 어몽어스 - 우주 마피아 게임 / 폴 가이즈 - 귀요미들을 만나세요! 게임 방송입니닷!!!,대도서관TV (buzzbean11),176만명,139219,2020.9.17
어몽어스 처음 해본 엄빠의 반응 [ 공대생가족 ],공대생가족 GDSF,80.9만명,76867,2020.9.16
마크 야생의 어몽어스 vs SCP 6789 사이렌헤드 반전? 엔더드래곤 피아노 건축 집짓기 하는법!! - 마인크래프트 애니메이션,동동 TV,33.9만명,123345,2020.9.11
평균나이 12세 초등학생 9명 데리고 어몽어스 레전드 1편,정지차니,17.4만명,26971,2020.9.21
(ENG) 나머지 색으로 어몽어스 캐릭터를 모두 만들었어요...,달려라치킨 Dalchi,85.4만명,709831,2020.8.27
임포스터로 확시 받는 법 알려드립니다 - 어몽어스(Among us) - 겜브링(GGAMBRING),겜브링 GGAM BRING,102만명,364367,2020.9.19
사진의 비밀? 어몽어스 이스터에그 PART.2 / AMONG US EASTER EGGS,말피TV,4.74천명,30688,2020.9.4
먹을수 있는 어몽어스 캐릭터 만들기 edible AMONG US Characters,서담SEODAM,63.2만명,154935,2020.9.8
⛏️ 마인크래프트 건축 강좌 :: 🚀 어몽어스 캐릭터 모양 집짓기 🔪 [Minecraft Among Us Crewmate House Build Tutorial],만두민 ManDooMiN,66.2만명,436255,2020.9.13
어몽어스로 뒷풀이 하는 사람들,플레임TV,23.4만명,74032,2020.9.15
🔥레전드는 만드는거야! 킬당 10만원이 만든 어몽어스 레전드ㅋㅋㅋ,군림보,79.5만명,408515,2020.9.25
어몽어스 야스오 모드,엔트리NTree,4.19만명,212896,2020.9.21
어몽어스의 기묘한 핑크 Among Us,TR.라워향,4.7만명,9582,2020.9.19
어몽어스를 PC(컴퓨터)에서 무료로 즐기는 방법 설치부터 키보드 세팅까지【근쌤】,근쌤,2.19천명,85201,2020.8.27
[어몽어스] 증거 없이 추리로 임포스터 잡아 버리긔 4분컷 AMONGUS,에이치 KOREAYT_H,3.49만명,780,2020.9.26
크리퍼 in 어몽어스 애니메이션 / 도애니,도애니 DO animation,13.8만명,116695,2020.9.16
DIY Miniature Realistic Board house #5 - Game Among US Cafeteria ! 어몽어스 식당 만들기 !,heekkong희꽁,80.1만명,668269,2020.8.28
어몽어스 펫 애니메이션 1,반하비,4.94천명,523364,2020.9.5
끝내주는 게임 어몽어스,ScuD・쁘르로세,11.9만명,135696,2020.9.13
3D펜으로 만든 어몽어스 캐릭터!! 시체도 만들었다 ㅋㅋ | Making among us with 3DPEN #피규어,바이준 BYJUN,6.32만명,122885,2020.9.1
음이유니네 어몽어스 게임 도전하다? 벤트 타고 대기하고 다 보는데서 크루원 죽인 임포스터는 누구?!! 엉망진창 온 가족이 게임 대결 하기!!! (가족게임브이로그)│헬로음이유니,헬로음이유니,14.8만명,139227,2020.9.17
[마시멜로] 어몽어스 CCTV는 사실 5개였다 ★어몽어스 #21. 다섯번째 CCTV★,마시멜로 TV,4.21천명,348201,2020.9.6
어몽어스 9명이 단합해서 개트롤하기 ㅋㅋㅋ 어몽어스 조작단,김박사,5.44만명,95025,2020.9.1
어몽어스 초보가 정치질을 시도하면 생기는 일 [어몽어스 하이라이트],윤시원,41.4만명,11216,2020.9.21
어몽어스 펫 당신이 몰랐던 과거 스토리 [ 통합 ] ( The Past of Among Us Pet ),칼턱툰,1.41천명,70222,2020.9.15
어몽어스 현실판! 가족 중에 무서운 범인 있다?!! 우주 마피아 게임 (반전주의ㅋㅋㅋ) 말벤져스 가족 챌린지 | 말이야와친구들,MariAndFriends,215만명,162269,2020.9.7
[강제임포]어몽어스 버그판 다운로드 링크,내부자의 이판사판버그판,,12340,2020.9.19
드디어 밝혀낸 어몽어스 스토리! 이스터에그에 스토리가 숨어있다고? / Among us Story / 어몽어스 이스터에그 / 어몽어즈,말피TV,4.74천명,16703,2020.9.12
[Among Us] 모바일 어몽어스 추가설명 (광고동의 닉네임변경 한글설정 커스터마이즈),비밀친구동동,354명,112232,2020.8.6
오늘 처음인데 핵쟁이 임포스터가 되었습니다 ;; [ 어몽어스 ],휴지,44.8만명,25817,2020.9.19
200905 생방송 어몽어스 풀영상,자빱TV 생방송 다시보기,1.66만명,7709,2020.9.22
어몽어스2 죽음 애니메이션 5탄 모음 (팬메이드),조귤,4.58천명,202619,2020.9.19
어 ? [혜안 어몽어스],혜안,80만명,686953,2020.9.17
사람들이 사라진다는 바로 그 곳 공략! [어몽어스],JUNE,53.4만명,282038,2020.9.23
어몽어스 꿀팁 알려드립니다. 피부 누런색이면 임포스터입니다. Feat. 쁘허,빅민 GAME,34.7만명,15331,2020.9.17
LG WING 아무도 알려주지 않았던 치명적인 특징들! 윙으로 어몽어스? (ENG),주연 ZUYONI,19만명,639682,2020.9.18
어몽어스 하면서 노래 만들기,Hale In Ocean 정혜일,13.9만명,887989,2020.8.29
지박소년 하나코군으로 어몽어스 - 1화,루비마루,8.75천명,140199,2020.9.12
🧨어몽어스 1시간동안 걷기 among us (ASMR) 폴루스 맵,모승이,4.38천명,1443,2020.9.26
절대 죽지않는 어몽어스 군단 만들기?! 임포스터 대량생산했습니다 ㄷㄷ[어몽어스],닥터파이어,45.9만명,175588,2020.9.4
어몽어스 애니메이션: 구독자 분의 요청으로 만든 것,YT에어 TV,658명,144,2020.9.27
더 지독해진 수사망 배도라지 10人 어몽어스(AMONG US),긴착맨,6.95만명,194306,2020.8.30
어몽어스 하는 쭈니 / Among us Plush animation,김츄르 churu kim,3.34만명,140426,2020.9.4
[어몽어스 괴담] 이 유저를 본 적 있으신가요?┃백솜의 어몽어스 괴담 : 임포스터#1,백솜,5.02천명,15491,2020.9.11
어몽어스 애니메이션 1화 AMONG US ANIMATION EP1,ONTHECAT 온더캣,2.9만명,599296,2020.9.9
어몽어스로 "나는 친구가 되고 싶을 뿐인데!!!" | 패러디,떠현Bakshu,1.21천명,168615,2020.8.26
'좋은 양심은 부드러운 베게다'(?) [어몽어스],최케빈,50.2만명,204989,2020.8.27
어몽어스 2 킬 애니매이션 35가지,그켬,2.9천명,572271,2020.9.7
다들 맛있는거 드시고 오셨네? - 어몽어스(Among Us) 시참 풀영상,두번째 빅헤드,3.47만명,16317,2020.9.19
어몽어스 애니메이션 4화 AMONG US ANIMATION EP4,ONTHECAT 온더캣,2.9만명,268501,2020.9.26
어몽어스 애니메이션 [Flipa Clip] [SungA],SungA숭아,293명,81168,2020.9.6
어몽어스 개꿀잼 모드 만들었음ㅋㅋㅋㅋ,매크로,1.39천명,259,2020.8.20
맵이 뒤집혀서 대멘붕(!)해버린 어몽어스 유저들 ㅋㅋ개신기함,우주하마,105만명,1284486,2020.9.18
어몽어스 핵 공유,2GEGA,3.77천명,1590,2020.9.25
어몽어스 키캡! 이번엔 임포스터다!🤫 드라이어로 슈링클 도전! 레진아트 레진공예 - Among Us Keycaps Imposter version - Mani Land,Mani Land * 마니랜드 *,,285517,2020.9.11
CCTV로 감시자 빙의해서 다 잡아내는 "코"난 [어몽어스],킴성태TV,100만명,403266,2020.9.24
[베노스 한글자막] 어몽 어스 (Among Us) - 내 친구들이 나에 대해서 전혀 모르다니! (#베노스를믿어라),베노스_Gaming KOR sub! 한글자막,1.89천명,10089,2020.9.19
어몽어스 애니메이션 - 렉,팽구penggu,7.09천명,93307,2020.9.19
🔥꿀잼보장🔥 어몽어스 하다가 이런일이 생길줄이야ㅋㅋㅋㅋ,군림보,79.5만명,338938,2020.9.4
하나코와 함께하는 어몽어스....속고 속이는 게임!![지박소년 하나코군],김오이,1.97천명,42462,2020.9.19
어몽어스 키보드 키캡 만들기🎨 직접 그린 키캡 레진아트! - Among Us Resin Keycap DIY - Mani Land,Mani Land * 마니랜드 *,,479137,2020.8.28
어몽어스하는 안전가족,삼수,2.18천명,371416,2020.8.27
어몽어스 애니메이션 - 2명이 같은 색인 버그/Among Us Animation-Bug,상아리,4.12만명,591307,2020.8.31
참깨빵 위에 어몽어스 (회의편),하곰,7.11천명,108104,2020.9.16
👮 범인은 이 안에 있어!! 어몽어스 캐릭터 종이접기 🎮 ORIGAMI AMONG US CHARACTERS / 어몽어스 만들기 / 게임 캐릭터 만들기,봉쥬르민쥬르,3.71천명,61536,2020.8.26
어몽어스로 패러디,Youtube다현,389명,53319,2020.8.22
[어몽어스] 루시.. 어몽어스 시작했습니다!! 완전 꿀잼이자너!! ㅋㅋㅋ,럭키루시,3.07만명,9701,2020.9.20
[햄찌] 내 이름은 햄찌 탐정이죠! - 어몽어스(Among Us),햄찌,62명,57,2020.8.7
어몽어스 PC(컴퓨터)에서 무료로 하는 방법,기씨TV,1.29천명,15139,2020.9.13
🚀마크판 어몽어스🚀 우주선에 살인자가 숨어들었다?! ㄹㅇ똑같이 구현한거 실화냐!!ㅋㅋㅋㅋ [ 마인크래프트 : 마몽어스 ],로빈,18.6만명,56065,2020.8.19
대놓고 죽여도 들키지 않는 단 하나의 방법! _ 어몽어스,자몽티비,47.5만명,132335,2020.9.22
몽린이 : 왜 얘만 구덩이에 들어가져요? [어몽어스],킴성태TV,100만명,429001,2020.9.22
세계최초 100% 위장 임포스터 ㅡ의 5연킬 레전드!! 우주하마 어몽어스,우주하마,105만명,897778,2020.9.25
어몽어스★ 느린술래잡기 ㅋㅋㅋㅋㅋㅋㅋㅋㅋ,tv가프리,1.08만명,200,2020.9.9
다누리 없으면 어몽어스 안합니다..,킴성태TV,100만명,463708,2020.9.21
지도보고 임포스터 찾는 방법 [어몽어스],JUNE,53.4만명,303618,2020.9.20
(따라하기금지) 둘이서 쓰는 극혐!! 핵을 직접봤습니다...[어몽어스 30화],쉐어TV,16.9만명,265676,2020.9.22
서새봄 어몽어스 10명 합방 레전드,서새봄,35.5만명,514530,2020.7.22
어몽어스,꼬꼬용 Gaming,96명,45,2020.9.26
얄미운 김정호(꿀탱탱) 죽이려고 반칙쓰는 킴성태 [어몽어스],킴성태TV,100만명,552130,2020.9.19
어몽어스,게임사마귀tv,28명,3,2020.9.27
우주최강 미친화석인싸의 어몽어스 낱낱이 살펴보기,SUNBA선바,81.6만명,570690,2020.8.11
채팅창에서 무조건 사는방법 [김계정 어몽어스],김계정,42만명,596750,2020.8.15
부부끼리 어몽어스 하면 안되는 이유 [김계정 어몽어스],김계정,42만명,715787,2020.8.21
#어몽어스 임포스터(마피아) 절대 이렇게 하지마세요! 트롤이야?(#어몽어스모바일#어몽어스공략#어몽어스임포스터되는법),하비채널,1.83천명,222,2020.8.31
벤트 안에 누군가가 살고있다... 다가오면 전부 죽이는 임포스터 [김계정 어몽어스],김계정,42만명,1350793,2020.9.4
지박소년 하나코군으로 어몽어스 - 3화,루비마루,8.75천명,37744,2020.9.25
어몽어스 처음 하는 사람이 끝까지 살아남는 방법ㅋㅋㅋㅋㅋ,주키니TV,38.7만명,495915,2020.8.15
아프리카에서 어몽어스의신인이유,꿀탱탱,48.2만명,610732,2020.8.12
어몽어스,블루레드,4명,5,2020.9.26
님 마이크 안껐어요... 역대급 트롤 어몽어스 ㅋㅋㅋ,박나나,17.5만명,291676,2020.8.23
어몽어스 게임에 빠져있는 친구 임포스터로 몰아가서 집 난장판 피우기ㅋㅋㅋㅋ어몽어스 현실판ㅋㅋ,더블비,169만명,1032131,2020.9.7
어몽어스 참 쉽죠?~~[어몽어스] [만두],김만두,115명,48,2020.9.1
임포스터인걸 걸린사람 vs 본사람 | 어몽어스 꿀잼모음집,도현,22.9만명,178313,2020.9.15
어몽어스,멍멍갓,34명,12,2020.9.26
이게 돼?? 배그로 하는 어몽어스ㅋㅋㅋ숨은 임포스터를 찾아라 (반전소름주의ㅋㅋㅋ),악동 김블루,177만명,748950,2020.9.2
(어몽어스),망계의고양이,30명,32,2020.9.21
어몽어스에서 남편의 목을 따(?)버렸습니다,러너꽃빈TV,74.9만명,159608,2020.9.1
2020 역대급 반전 스릴러 바위에 핀 새싹. 우주하마 어몽어스,우주하마,105만명,1807322,2020.8.31
서울대 미래 의사가 어몽어스(마피아게임) 하는 법ㅋㅋ,주둥이방송,29.5만명,82601,2020.9.6
2년 전부터 한 우리보다 어몽어스를 더 많이 한 사람 [어몽어스],최케빈,50.2만명,152854,2020.9.24
어몽어스,프랑켄슈타인,48명,51,2020.8.29
어몽어스,sans s,3명,1,2020.9.25
김블루 임포스터 아니에요!! 제가 죽였다고욬ㅋㅋㅋㅋㅋㅋㅋ [어몽어스],연다,88만명,281597,2020.9.4
여자 스트리머들끼리 어몽어스.. 참 쉽네요,러너꽃빈TV,74.9만명,93958,2020.9.17
어몽어스,자롬tv,10명,21,2020.9.19
절 죽인사람의 속마음이 들렸습니다.. 지금 뭐라고 했냐? [어몽어스],킴성태TV,100만명,676878,2020.8.20
어몽어스,영상만드는멜로,7명,12,2020.9.1
어몽어스,[종합게임]갸갸유튜브-게임의 모든것,188명,76,2020.9.16
어몽어스,천마리의 용,49명,36,2020.9.22
어몽어스,꽃핀하늘TV,12명,5,2020.9.24
어몽어스,게임하는 사람,2명,4,2020.9.26
[어몽어스] 실친들과 어몽어스 하면 생기는 일 ㅋㅋㅋ,백승하의_코미디월드,225명,104,2020.9.16
어몽어스,편해,180명,145,2020.9.4
어몽어스,게임왕,,12,2020.9.16
어몽어스,박취킨,8명,3,2020.9.26
어몽어스,બુલુગ બુલુગ,7명,9,2020.9.21
어몽어스,개임TV,1명,6,2020.9.14
어몽어스,보라YouTube,5명,12,2020.9.10
어몽어스,tv하늘,,4,2020.9.11
닉네임 이렇게 지으니까 절대 의심 안받네ㅋㅋㅋㅋ [김계정 어몽어스],김계정,42만명,667851,2020.9.14
어몽어스,대동강gaming,107명,50,2020.9.25
지박소년 하나코군으로 어몽어스 - 2화 (Feat. 역전재판),루비마루,8.75천명,55679,2020.9.18
어몽어스,NPC,,8,2020.9.6
어몽어스,김명재의 게임 채널,135명,59,2020.9.6
어몽어스,이름,2명,18,2020.9.10
어몽어스,라이,14명,5,2020.9.20
어몽어스,윤요한,,9,2020.9.23
어몽어스,지웹소,21명,13,2020.9.1
어몽어스,별의기초다,77명,31,2020.9.26
어몽어스,이상한채널,22명,7,2020.9.26
어몽어스애니메이션,나박사,36명,22,2020.9.26
어몽어스,악마리,27명,5,2020.9.14
어몽어스,게임형제,11명,6,2020.9.4
어몽어스,치킨tv,3명,2,2020.9.17
어몽어스 컨셉충 분석[어몽어스],도저,4.33천명,97,2020.9.12
어몽어스,고릴라tv,8명,21,2020.9.20
[어몽어스]어몽어스 재밌네요!! (박구준TV),박구준TV,1명,11,2020.9.6
어몽어스~~♥♥,지금부터아라걸즈,11명,2,2020.9.26
개노답 삼형제 | 강백싸트의 어몽어스 레전드 합방!,백설양,10.6만명,36757,2020.9.16
어몽어스,최민두와훈제TV,6명,3,2020.9.25
어몽어스,팀대장,15명,6,2020.9.24
어몽어스..?,YT.게임덕후,10명,4,2020.9.27
어몽어스,쁨쁨TV,4명,2,2020.9.26
어몽어스,미스터머니채널,87명,13,2020.9.26
어몽어스.................,게임유튜버,7명,14,2020.9.13
시민 입에서 욕나오게 만든 임포스터ㅋㅋㅋㅋ,군림보,79.5만명,282124,2020.9.26
어몽어스,쉬플래,,19,2020.9.15
어몽어스,감규리,70명,120,2020.8.27
어몽어스,베이포포,7명,6,2020.8.26
어몽어스,뉴비,5명,2,2020.9.1
어몽어스 초보가 어몽어스하면 생기는일 (어몽어스),하펭,46명,34,2020.9.19
어몽어스다!! 유명한 어몽어스!!,박인우,3명,1,2020.9.27
어몽어스,다크플레임마스터,33명,9,2020.9.9
어몽어스,곰요리하,5명,4,2020.9.9
어몽어스!,럭키의게임유튜브,35명,46,2020.9.1
어몽어스,4번째환생,17명,10,2020.9.1
【니엘 어몽어스】임포스터든 아니든 죽인다! 선량한 시민을!!,니엘 NIEL,4.95만명,24889,2020.9.8
어몽어스,송지슈퍼파월,35명,8,2020.9.27
어몽어스,심플,,1,2020.9.21
어몽어스,라이언박쥐,8명,6,2020.9.2
세계최초 100% 위장 임포스터 ㅡ의 5연킬 레전드!! 우주하마 어몽어스,우주하마,105만명,898253,2020.9.25
어몽어스,마크라이더,5명,1,2020.9.25
[어몽어스],YouTube게임세상,,74,2020.9.13
어몽어스,모겜다tv,10명,11,2020.9.14
어몽어스,역시나나난,28명,11,2020.9.8
어몽어스,신기한뉴비,7명,26,2020.9.19
어몽어스,04단호박,1명,4,2020.9.10
어몽어스,잼민의게임,3명,15,2020.9.7
어몽어스,상대레온,9명,3,2020.9.2
어몽어스,유튜브겜슬,13명,10,2020.9.3
어몽어스1탄,개굴 소년,12명,1,2020.9.27
어몽어스로 아는 형 누나들 다 조지기ㅋㅋㅋ,툭툭,6.05만명,13221,2020.8.25
어몽어스,꽃게인정TV,7명,10,2020.9.9
어몽어스3탄,개굴 소년,12명,1,2020.9.27
어몽어스 핵 무료배포합니다,뭐유석,1.27천명,101795,2020.9.5
(어몽어스)디콩이의못하는어몽어스,디콩,19명,32,2020.9.1
어몽어스 컨셉 반대로 플레이 해봤습니다ㅋㅋㅋㅋ,푸린,35.1만명,129974,2020.9.6
어몽어스.....,인도미TV,5명,28,2020.9.10
어몽어스,신기한뉴비,7명,16,2020.9.19
VR낀 임포스터가 몰래 암살하는 방법ㅋㅋㅋ [어몽어스 3D],피아노캣 [PianoCat],17.7만명,119006,2020.9.13
어몽어스,구독,12명,4,2020.9.1
어몽어스 드디어 한국어버전 새로운 동료!!!(어몽어스),서루TV,62명,1161,2019.1.30
어몽어스,둠충2,36명,6,2020.9.24
어몽어스 #7 어몽어스 (폴루스),tv가이더,19명,158,2020.8.31
시청자들과 강력한 추격전...술래잡기 시참어몽어스AMONGUS,풍자테레비,46.8만명,49276,2020.9.6
현실판 어몽어스로 같이사는형 조지기ㅎㅎ,보따,29만명,305033,2020.8.20
어몽어스(?),투댕의재밌는세상,35명,38,2020.9.1
어몽어스,사람,3명,5,2020.8.31
어몽어스 핵쟁이를 만났습니다...,찌훈,,28735,2020.8.27
어몽어스 애니메이션 - 빅맥송/Among Us Animation,상아리,4.12만명,1164832,2020.9.5
절대못참는 웃음참기 레전드편ㅋㅋㅋ앜앜 다메 어몽어스? - 마젠타를 웃겨라 챌린지,마젠타,18.8만명,181597,2020.9.17
손절 게임...!! #623 어몽어스 때문에 친구한테 차단 당한 썰 [써리의 영상툰],써리의 영상툰 SSULY TOON,74.6만명,122256,2020.9.8
어몽어스 설명,태현의게임세상,35명,286,2019.2.24
어몽어스 애니메이션 - 성격유형,배화,4.41만명,1936522,2020.9.3
어몽어스,그스스TV,11명,31,2020.8.25
어몽어스 공방에는 미x 사람들이 너무 많아 [투디],투디,2.89만명,29371,2020.8.19
어몽어스,감규리,70명,33,2020.9.15
어몽어스2탄[어몽어스],윤소,156명,111,2020.8.31
어몽어스,게임즈 슈퍼,9명,3,2020.9.26
어몽어스 1화,-정재윤의 어몽어스 게임세상,2명,7,2020.9.26
어몽어스,평범한 사람,5명,3,2020.9.25
어몽어스,어몽어스포켓몬고,7명,4,2020.9.27
어몽어스#7,로엘,5명,2,2020.9.25
어몽어스 꿀잼,민콩,11명,14,2020.9.24
어몽어스,감자,9명,7,2020.9.22
어몽어스,오예겜,1명,2,2020.9.26
어몽어스,신게임,4명,1,2020.9.25
어몽어스하기!![어몽어스]《귤똥이》,귤똥이tv,2명,5,2020.9.26
어몽어스,케실트TV,3명,2,2020.9.25
어몽어스,다코TV,3명,1,2020.9.25
어몽어스,수10,6명,5,2020.9.26
어몽어스,亗VOLT๛YouTube亗,8명,3,2020.9.24
